timestamp,rms,peak,band_1x,band_2x,band_3x,band_5x,band_7x,temperature,train_state,label
2025-12-28T04:41:29.741439+00:00,0.298,0.421,2.941,3.55,0.011,0.006,1.4080267558528428,28.25,idle,idle
2025-12-28T04:41:33.511592+00:00,0.294,0.416,3.036,4.365,0.009,0.006,1.4101694915254237,28.23,idle,idle
2025-12-28T04:41:34.468792+00:00,0.294,0.416,3.036,4.365,0.009,0.006,1.4101694915254237,28.23,idle,idle
2025-12-28T04:41:35.426651+00:00,0.294,0.416,3.036,4.365,0.009,0.006,1.4101694915254237,28.23,idle,idle
2025-12-28T04:41:36.384623+00:00,0.248,0.351,3.189,3.886,0.009,0.006,1.4096385542168675,28.28,idle,idle
2025-12-28T04:41:37.341770+00:00,0.248,0.351,3.189,3.886,0.009,0.006,1.4096385542168675,28.28,idle,idle
2025-12-28T04:41:38.267795+00:00,0.248,0.351,3.189,3.886,0.009,0.006,1.4096385542168675,28.28,idle,idle
2025-12-28T04:41:39.241348+00:00,0.258,0.364,2.992,3.712,0.009,0.006,1.4054054054054053,28.28,idle,idle
2025-12-28T04:41:40.167226+00:00,0.258,0.364,2.992,3.712,0.009,0.006,1.4054054054054053,28.28,idle,idle
2025-12-28T04:41:41.109055+00:00,0.258,0.364,2.992,3.712,0.009,0.006,1.4054054054054053,28.25,idle,idle
2025-12-28T04:41:42.082559+00:00,0.268,0.379,2.903,3.784,0.01,0.006,1.4089219330855018,28.25,idle,idle
2025-12-28T04:41:43.040329+00:00,0.268,0.379,2.903,3.784,0.01,0.006,1.4089219330855018,28.25,idle,idle
2025-12-28T04:41:44.013858+00:00,0.268,0.379,2.903,3.784,0.01,0.006,1.4089219330855018,28.28,idle,idle
2025-12-28T04:41:44.955609+00:00,0.23,0.325,3.092,3.606,0.009,0.006,1.406926406926407,28.28,idle,idle
2025-12-28T04:41:45.929650+00:00,0.23,0.325,3.092,3.606,0.009,0.006,1.406926406926407,28.31,idle,idle
2025-12-28T04:41:46.823229+00:00,0.23,0.325,3.092,3.606,0.009,0.006,1.406926406926407,28.31,idle,idle
2025-12-28T04:41:47.796820+00:00,0.276,0.391,2.97,3.703,0.009,0.006,1.411552346570397,28.31,idle,idle
2025-12-28T04:41:48.754255+00:00,0.276,0.391,2.97,3.703,0.009,0.006,1.411552346570397,28.25,idle,idle
2025-12-28T04:41:49.696332+00:00,0.276,0.391,2.97,3.703,0.009,0.006,1.411552346570397,28.25,idle,idle
2025-12-28T04:41:50.670156+00:00,0.243,0.343,3.133,4.899,0.009,0.006,1.4057377049180328,28.28,idle,idle
2025-12-28T04:41:51.612001+00:00,0.243,0.343,3.133,4.899,0.009,0.006,1.4057377049180328,28.28,idle,idle
2025-12-28T04:41:52.553325+00:00,0.253,0.358,2.98,4.006,0.009,0.006,1.4094488188976377,28.28,idle,idle
2025-12-28T04:41:54.628737+00:00,0.253,0.358,2.98,4.006,0.009,0.006,1.4094488188976377,28.28,idle,idle
2025-12-28T04:41:55.586198+00:00,0.253,0.358,2.98,4.006,0.009,0.006,1.4094488188976377,28.23,idle,idle
2025-12-28T04:41:56.559495+00:00,0.25,0.354,3.071,3.971,0.009,0.006,1.4103585657370517,28.23,idle,idle
2025-12-28T04:41:57.533141+00:00,0.25,0.354,3.071,3.971,0.009,0.006,1.4103585657370517,28.23,idle,idle
2025-12-28T04:41:58.507575+00:00,0.25,0.354,3.071,3.971,0.009,0.006,1.4103585657370517,28.28,idle,idle
2025-12-28T04:41:59.480994+00:00,0.269,0.381,3.02,3.95,0.009,0.006,1.411111111111111,28.28,idle,idle
2025-12-28T04:42:00.454081+00:00,0.269,0.381,3.02,3.95,0.009,0.006,1.411111111111111,28.31,idle,idle
2025-12-28T04:42:01.396532+00:00,0.269,0.381,3.02,3.95,0.009,0.006,1.411111111111111,28.31,idle,idle
2025-12-28T04:42:02.338064+00:00,0.246,0.347,2.96,3.18,0.009,0.006,1.4048582995951415,28.31,idle,idle
2025-12-28T04:42:03.296378+00:00,0.246,0.347,2.96,3.18,0.009,0.006,1.4048582995951415,28.31,idle,idle
2025-12-28T04:42:04.253141+00:00,0.246,0.347,2.96,3.18,0.009,0.006,1.4048582995951415,28.31,idle,idle
2025-12-28T04:42:05.227107+00:00,0.241,0.341,3.079,4.0,0.009,0.006,1.4090909090909092,28.28,idle,idle
2025-12-28T04:42:06.168846+00:00,0.241,0.341,3.079,4.0,0.009,0.006,1.4090909090909092,28.28,idle,idle
2025-12-28T04:42:07.142573+00:00,0.241,0.341,3.079,4.0,0.009,0.006,1.4090909090909092,28.28,idle,idle
2025-12-28T04:42:08.115957+00:00,0.255,0.361,2.858,3.429,0.009,0.006,1.41015625,28.28,idle,idle
2025-12-28T04:42:09.089436+00:00,0.255,0.361,2.858,3.429,0.009,0.006,1.41015625,28.28,idle,idle
2025-12-28T04:42:10.031386+00:00,0.255,0.361,2.858,3.429,0.009,0.006,1.41015625,28.31,idle,idle
2025-12-28T04:42:13.862367+00:00,0.272,0.385,3.071,3.441,0.01,0.006,1.4102564102564101,28.31,idle,idle
2025-12-28T04:42:14.803697+00:00,0.272,0.385,3.071,3.441,0.01,0.006,1.4102564102564101,28.28,idle,idle
2025-12-28T04:42:15.777301+00:00,0.272,0.385,3.071,3.441,0.01,0.006,1.4102564102564101,28.28,idle,idle
2025-12-28T04:42:16.703398+00:00,0.288,0.408,3.203,3.983,0.01,0.006,1.411764705882353,28.28,idle,idle
2025-12-28T04:42:17.645592+00:00,0.288,0.408,3.203,3.983,0.01,0.006,1.411764705882353,28.31,idle,idle
2025-12-28T04:42:18.570746+00:00,0.288,0.408,3.203,3.983,0.01,0.006,1.411764705882353,28.31,idle,idle
2025-12-28T04:42:19.528415+00:00,0.366,0.518,2.932,3.758,0.01,0.006,1.4114441416893733,28.31,idle,idle
2025-12-28T04:42:20.486574+00:00,0.366,0.518,2.932,3.758,0.01,0.006,1.4114441416893733,28.31,idle,idle
2025-12-28T04:42:21.427748+00:00,0.366,0.518,2.932,3.758,0.01,0.006,1.4114441416893733,28.31,idle,idle
2025-12-28T04:42:22.385700+00:00,0.366,0.558,3.058,3.759,0.01,0.006,1.5204359673024526,28.31,idle,idle
2025-12-28T04:42:23.311076+00:00,0.394,0.558,3.058,3.759,0.01,0.006,1.4126582278481012,28.31,idle,idle
2025-12-28T04:42:24.269063+00:00,0.394,0.558,3.058,3.759,0.01,0.006,1.4126582278481012,28.33,idle,idle
2025-12-28T04:42:25.354371+00:00,0.256,0.362,3.088,3.949,0.009,0.006,1.4085603112840466,28.33,idle,idle
2025-12-28T04:42:26.311687+00:00,0.256,0.362,3.088,3.949,0.009,0.006,1.4085603112840466,28.33,idle,idle
2025-12-28T04:42:27.269840+00:00,0.256,0.362,3.088,3.949,0.009,0.006,1.4085603112840466,28.31,idle,idle
2025-12-28T04:42:28.243377+00:00,0.259,0.367,3.014,3.355,0.009,0.006,1.4115384615384614,28.31,idle,idle
2025-12-28T04:42:29.185089+00:00,0.259,0.367,3.014,3.355,0.009,0.006,1.4115384615384614,28.33,idle,idle
2025-12-28T04:42:30.126837+00:00,0.259,0.367,3.014,3.355,0.009,0.006,1.4115384615384614,28.33,idle,idle
2025-12-28T04:42:31.196101+00:00,0.293,0.415,3.02,3.893,0.01,0.006,1.41156462585034,28.31,idle,idle
2025-12-28T04:42:33.239065+00:00,0.293,0.395,3.033,3.674,0.01,0.006,1.3435374149659864,28.31,idle,idle
2025-12-28T04:42:35.298028+00:00,0.279,0.395,3.033,3.674,0.01,0.006,1.4107142857142856,28.33,idle,idle
2025-12-28T04:42:36.224008+00:00,0.279,0.395,3.033,3.674,0.01,0.006,1.4107142857142856,28.31,idle,idle
2025-12-28T04:42:37.181790+00:00,0.258,0.366,2.97,3.802,0.009,0.006,1.413127413127413,28.31,idle,idle
2025-12-28T04:42:38.123453+00:00,0.258,0.366,2.97,3.802,0.009,0.006,1.413127413127413,28.31,idle,idle
2025-12-28T04:42:39.209164+00:00,0.258,0.366,2.97,3.802,0.009,0.006,1.413127413127413,28.33,idle,idle
2025-12-28T04:42:40.182340+00:00,0.44,0.623,3.034,3.821,0.01,0.006,1.4126984126984128,28.33,idle,idle
2025-12-28T04:42:41.155966+00:00,0.44,0.623,3.034,3.821,0.01,0.006,1.4126984126984128,28.36,idle,idle
2025-12-28T04:42:42.098109+00:00,0.44,0.623,3.034,3.821,0.01,0.006,1.4126984126984128,28.36,idle,idle
2025-12-28T04:42:43.055264+00:00,0.279,0.395,3.036,3.597,0.009,0.006,1.4107142857142856,28.36,idle,idle
2025-12-28T04:42:43.997073+00:00,0.279,0.395,3.036,3.597,0.009,0.006,1.4107142857142856,28.31,idle,idle
2025-12-28T04:42:44.970816+00:00,0.279,0.395,3.036,3.597,0.009,0.006,1.4107142857142856,28.31,idle,idle
2025-12-28T04:42:45.944231+00:00,0.275,0.389,2.896,3.347,0.01,0.006,1.4094202898550723,28.39,idle,idle
2025-12-28T04:42:46.902358+00:00,0.275,0.389,2.896,3.347,0.01,0.006,1.4094202898550723,28.39,idle,idle
2025-12-28T04:42:51.802510+00:00,0.278,0.394,2.973,4.201,0.01,0.006,1.4121863799283154,28.33,idle,idle
2025-12-28T04:42:52.743844+00:00,0.278,0.394,2.973,4.201,0.01,0.006,1.4121863799283154,28.33,idle,idle
2025-12-28T04:42:53.701534+00:00,0.278,0.394,2.973,4.201,0.01,0.006,1.4121863799283154,28.39,idle,idle
2025-12-28T04:42:54.659917+00:00,0.289,0.409,2.985,4.046,0.01,0.006,1.410344827586207,28.39,idle,idle
2025-12-28T04:42:55.600846+00:00,0.289,0.409,2.985,4.046,0.01,0.006,1.410344827586207,28.33,idle,idle
2025-12-28T04:42:56.574994+00:00,0.289,0.409,2.985,4.046,0.01,0.006,1.410344827586207,28.33,idle,idle
2025-12-28T04:42:57.549133+00:00,0.372,0.526,3.075,3.98,0.011,0.006,1.4101876675603218,28.33,idle,idle
2025-12-28T04:42:59.575788+00:00,0.372,0.526,3.075,3.98,0.011,0.006,1.4101876675603218,28.36,idle,idle
2025-12-28T04:43:00.549289+00:00,0.308,0.435,3.043,3.652,0.01,0.006,1.4077669902912622,28.31,idle,idle
2025-12-28T04:43:01.522508+00:00,0.308,0.435,3.043,3.652,0.01,0.006,1.4077669902912622,28.31,idle,idle
2025-12-28T04:43:02.465274+00:00,0.308,0.435,3.043,3.652,0.01,0.006,1.4077669902912622,28.33,idle,idle
2025-12-28T04:43:03.438141+00:00,0.287,0.406,3.039,4.082,0.01,0.006,1.4097222222222223,28.33,idle,idle
2025-12-28T04:43:04.412306+00:00,0.287,0.406,3.039,4.082,0.01,0.006,1.4097222222222223,28.33,idle,idle
2025-12-28T04:43:05.369721+00:00,0.287,0.406,3.039,4.082,0.01,0.006,1.4097222222222223,28.33,idle,idle
2025-12-28T04:43:06.327298+00:00,0.258,0.365,3.016,3.837,0.009,0.006,1.4092664092664091,28.33,idle,idle
2025-12-28T04:43:07.284879+00:00,0.258,0.365,3.016,3.837,0.009,0.006,1.4092664092664091,28.36,idle,idle
2025-12-28T04:43:08.195121+00:00,0.258,0.365,3.016,3.837,0.009,0.006,1.4092664092664091,28.36,idle,idle
2025-12-28T04:43:09.168702+00:00,0.277,0.392,2.957,4.03,0.01,0.006,1.410071942446043,28.36,idle,idle
2025-12-28T04:43:10.094393+00:00,0.277,0.392,2.957,4.03,0.01,0.006,1.410071942446043,28.36,idle,idle
2025-12-28T04:43:11.068242+00:00,0.277,0.392,2.957,4.03,0.01,0.006,1.410071942446043,28.36,idle,idle
2025-12-28T04:43:12.041718+00:00,0.294,0.416,3.015,3.502,0.01,0.006,1.4101694915254237,28.36,idle,idle
2025-12-28T04:43:12.919300+00:00,0.294,0.416,3.015,3.502,0.01,0.006,1.4101694915254237,28.39,idle,idle
2025-12-28T04:43:13.877260+00:00,0.294,0.416,3.015,3.502,0.01,0.006,1.4101694915254237,28.39,idle,idle
2025-12-28T04:43:14.946363+00:00,0.28,0.396,3.047,3.952,0.01,0.006,1.4092526690391458,28.36,idle,idle
2025-12-28T04:43:15.888562+00:00,0.28,0.396,3.047,3.952,0.01,0.006,1.4092526690391458,28.36,idle,idle
2025-12-28T04:43:16.845695+00:00,0.28,0.396,3.047,3.952,0.01,0.006,1.4092526690391458,28.36,idle,idle
2025-12-28T04:43:17.819783+00:00,0.283,0.401,2.945,3.48,0.01,0.006,1.4119718309859157,28.36,idle,idle
2025-12-28T04:43:18.761353+00:00,0.283,0.401,2.945,3.48,0.01,0.006,1.4119718309859157,28.36,idle,idle
2025-12-28T04:43:19.846724+00:00,0.283,0.401,2.945,3.48,0.01,0.006,1.4119718309859157,28.36,idle,idle
2025-12-28T04:43:20.820735+00:00,0.262,0.371,3.058,3.495,0.01,0.006,1.4106463878326996,28.36,idle,idle
2025-12-28T04:43:21.761965+00:00,0.262,0.371,3.058,3.495,0.01,0.006,1.4106463878326996,28.39,idle,idle
2025-12-28T04:43:22.735799+00:00,0.262,0.371,3.058,3.495,0.01,0.006,1.4106463878326996,28.39,idle,idle
2025-12-28T04:43:23.709874+00:00,0.283,0.401,2.849,3.619,0.01,0.006,1.4119718309859157,28.39,idle,idle
2025-12-28T04:43:24.651074+00:00,0.283,0.401,2.849,3.619,0.01,0.006,1.4119718309859157,28.36,idle,idle
2025-12-28T04:43:25.576986+00:00,0.283,0.401,2.849,3.619,0.01,0.006,1.4119718309859157,28.36,idle,idle
2025-12-28T04:43:26.518875+00:00,0.342,0.483,2.922,3.334,0.01,0.006,1.4081632653061222,28.41,idle,idle
2025-12-28T04:43:27.460578+00:00,0.342,0.483,2.922,3.334,0.01,0.006,1.4081632653061222,28.41,idle,idle
2025-12-28T04:43:28.433766+00:00,0.342,0.483,2.922,3.334,0.01,0.006,1.4081632653061222,28.41,idle,idle
2025-12-28T04:43:29.391552+00:00,0.273,0.387,2.941,3.508,0.01,0.006,1.4124087591240875,28.36,idle,idle
2025-12-28T04:43:30.333729+00:00,0.273,0.387,2.941,3.508,0.01,0.006,1.4124087591240875,28.36,idle,idle
2025-12-28T04:43:31.275471+00:00,0.273,0.387,2.941,3.508,0.01,0.006,1.4124087591240875,28.36,idle,idle
2025-12-28T04:43:32.217273+00:00,0.273,0.384,2.946,3.737,0.01,0.006,1.4014598540145984,28.36,idle,idle
2025-12-28T04:43:33.142667+00:00,0.272,0.384,2.946,3.737,0.01,0.006,1.4065934065934065,28.36,idle,idle
2025-12-28T04:43:34.104450+00:00,0.272,0.384,2.946,3.737,0.01,0.006,1.4065934065934065,28.39,idle,idle
2025-12-28T04:43:35.078487+00:00,0.272,0.384,3.143,4.828,0.01,0.006,1.4065934065934065,28.39,idle,idle
2025-12-28T04:43:36.003921+00:00,0.266,0.376,3.143,4.828,0.01,0.006,1.4082397003745317,28.39,idle,idle
2025-12-28T04:43:37.057586+00:00,0.266,0.376,3.143,4.828,0.01,0.006,1.4082397003745317,28.39,idle,idle
2025-12-28T04:43:38.142712+00:00,0.309,0.438,3.021,3.903,0.01,0.006,1.4129032258064516,28.39,idle,idle
2025-12-28T04:43:39.116151+00:00,0.309,0.438,3.021,3.903,0.01,0.006,1.4129032258064516,28.41,idle,idle
2025-12-28T04:43:40.090476+00:00,0.309,0.438,3.021,3.903,0.01,0.006,1.4129032258064516,28.41,idle,idle
2025-12-28T04:43:45.021974+00:00,0.308,0.436,3.091,3.811,0.011,0.006,1.4110032362459548,28.41,idle,idle
2025-12-28T04:43:45.996171+00:00,0.308,0.436,3.091,3.811,0.011,0.006,1.4110032362459548,28.39,idle,idle
2025-12-28T04:43:46.969399+00:00,0.281,0.398,2.919,3.454,0.01,0.006,1.4113475177304964,28.39,idle,idle
2025-12-28T04:43:47.895223+00:00,0.281,0.398,2.919,3.454,0.01,0.006,1.4113475177304964,28.39,idle,idle
2025-12-28T04:43:48.837012+00:00,0.281,0.398,2.919,3.454,0.01,0.006,1.4113475177304964,28.39,idle,idle
2025-12-28T04:43:49.794585+00:00,0.298,0.421,3.051,3.546,0.011,0.006,1.4080267558528428,28.39,idle,idle
2025-12-28T04:43:50.736302+00:00,0.298,0.421,3.051,3.546,0.011,0.006,1.4080267558528428,28.41,idle,idle
2025-12-28T04:43:51.678227+00:00,0.298,0.421,3.051,3.546,0.011,0.006,1.4080267558528428,28.41,idle,idle
2025-12-28T04:43:52.651654+00:00,0.301,0.426,3.052,3.952,0.011,0.007,1.4105960264900663,28.41,idle,idle
2025-12-28T04:43:53.593254+00:00,0.301,0.426,3.052,3.952,0.011,0.007,1.4105960264900663,28.41,idle,idle
2025-12-28T04:43:54.538707+00:00,0.301,0.426,3.052,3.67,0.011,0.007,1.4105960264900663,28.41,idle,idle
2025-12-28T04:43:56.562690+00:00,0.37,0.523,3.033,3.67,0.011,0.006,1.4097035040431267,28.41,idle,idle
2025-12-28T04:43:57.536534+00:00,0.37,0.523,3.033,3.67,0.011,0.006,1.4097035040431267,28.41,idle,idle
2025-12-28T04:43:58.477512+00:00,0.328,0.464,2.958,3.638,0.011,0.006,1.4103343465045592,28.44,idle,idle
2025-12-28T04:43:59.451125+00:00,0.328,0.464,2.958,3.638,0.011,0.006,1.4103343465045592,28.44,idle,idle
2025-12-28T04:44:00.409159+00:00,0.328,0.464,2.958,3.638,0.011,0.006,1.4103343465045592,28.39,idle,idle
2025-12-28T04:44:01.351136+00:00,0.328,0.376,2.951,4.179,0.009,0.006,1.1428571428571428,28.39,idle,idle
2025-12-28T04:44:02.260688+00:00,0.266,0.376,2.951,4.179,0.009,0.006,1.4082397003745317,28.39,idle,idle
2025-12-28T04:44:03.218365+00:00,0.266,0.376,2.951,4.179,0.009,0.006,1.4082397003745317,28.44,idle,idle
2025-12-28T04:44:04.191747+00:00,0.266,0.376,3.015,3.818,0.01,0.006,1.4082397003745317,28.44,idle,idle
2025-12-28T04:44:05.133761+00:00,0.297,0.421,3.015,3.818,0.01,0.006,1.412751677852349,28.44,idle,idle
2025-12-28T04:44:06.059350+00:00,0.297,0.421,3.015,3.818,0.01,0.006,1.412751677852349,28.44,idle,idle
2025-12-28T04:44:07.017209+00:00,0.297,0.421,2.972,3.479,0.01,0.006,1.412751677852349,28.44,idle,idle
2025-12-28T04:44:07.958498+00:00,0.382,0.54,2.972,3.479,0.01,0.006,1.409921671018277,28.44,idle,idle
2025-12-28T04:44:08.916220+00:00,0.382,0.54,2.972,3.479,0.01,0.006,1.409921671018277,28.44,idle,idle
2025-12-28T04:44:09.874209+00:00,0.382,0.54,2.999,3.594,0.01,0.006,1.409921671018277,28.41,idle,idle
2025-12-28T04:44:10.815825+00:00,0.312,0.441,2.999,3.594,0.01,0.006,1.4089456869009584,28.41,idle,idle
2025-12-28T04:44:11.709758+00:00,0.312,0.441,2.999,3.594,0.01,0.006,1.4089456869009584,28.41,idle,idle
2025-12-28T04:44:12.651509+00:00,0.312,0.441,2.999,3.594,0.01,0.006,1.4089456869009584,28.44,idle,idle
2025-12-28T04:44:13.609578+00:00,0.335,0.474,3.096,4.136,0.011,0.006,1.4107142857142856,28.44,idle,idle
2025-12-28T04:44:14.550762+00:00,0.335,0.474,3.096,4.136,0.011,0.006,1.4107142857142856,28.44,idle,idle
2025-12-28T04:44:15.460842+00:00,0.335,0.474,3.096,4.136,0.011,0.006,1.4107142857142856,28.44,idle,idle
2025-12-28T04:44:16.434239+00:00,0.29,0.411,3.118,3.955,0.01,0.006,1.4123711340206186,28.44,idle,idle
2025-12-28T04:44:17.407811+00:00,0.29,0.411,3.118,3.955,0.01,0.006,1.4123711340206186,28.41,idle,idle
2025-12-28T04:44:18.349656+00:00,0.29,0.411,3.118,3.955,0.01,0.006,1.4123711340206186,28.41,idle,idle
2025-12-28T04:44:19.307447+00:00,0.292,0.414,3.02,3.311,0.01,0.006,1.4129692832764504,28.41,idle,idle
2025-12-28T04:44:20.249194+00:00,0.292,0.414,3.02,3.311,0.01,0.006,1.4129692832764504,28.41,idle,idle
2025-12-28T04:44:21.206725+00:00,0.292,0.414,3.02,3.311,0.01,0.006,1.4129692832764504,28.41,idle,idle
2025-12-28T04:44:22.180815+00:00,0.283,0.4,3.006,3.736,0.01,0.006,1.4084507042253522,28.47,idle,idle
2025-12-28T04:44:23.105865+00:00,0.283,0.4,3.006,3.736,0.01,0.006,1.4084507042253522,28.47,idle,idle
2025-12-28T04:44:24.047817+00:00,0.283,0.4,3.006,3.736,0.01,0.006,1.4084507042253522,28.41,idle,idle
2025-12-28T04:44:25.021630+00:00,0.278,0.394,3.091,3.78,0.01,0.006,1.4121863799283154,28.41,idle,idle
2025-12-28T04:44:25.994958+00:00,0.278,0.394,3.091,3.78,0.01,0.006,1.4121863799283154,28.41,idle,idle
2025-12-28T04:44:26.952725+00:00,0.278,0.394,3.091,3.78,0.01,0.006,1.4121863799283154,28.44,idle,idle
2025-12-28T04:44:27.926131+00:00,0.266,0.377,3.047,3.626,0.009,0.006,1.4119850187265917,28.44,idle,idle
2025-12-28T04:44:28.883886+00:00,0.266,0.377,3.047,3.626,0.009,0.006,1.4119850187265917,28.44,idle,idle
2025-12-28T04:44:29.825227+00:00,0.266,0.377,3.047,3.626,0.009,0.006,1.4119850187265917,28.44,idle,idle
2025-12-28T04:44:30.783213+00:00,0.385,0.545,3.026,4.532,0.01,0.006,1.411917098445596,28.44,idle,idle
2025-12-28T04:44:31.676799+00:00,0.385,0.545,3.026,4.532,0.01,0.006,1.411917098445596,28.44,idle,idle
2025-12-28T04:44:32.618467+00:00,0.385,0.545,3.026,4.532,0.01,0.006,1.411917098445596,28.44,idle,idle
2025-12-28T04:44:36.433817+00:00,0.26,0.368,3.068,3.851,0.009,0.006,1.4099616858237547,28.47,idle,idle
2025-12-28T04:44:37.375139+00:00,0.26,0.368,3.068,3.851,0.009,0.006,1.4099616858237547,28.47,idle,idle
2025-12-28T04:44:38.349174+00:00,0.26,0.368,3.068,3.851,0.009,0.006,1.4099616858237547,28.47,idle,idle
2025-12-28T04:44:39.307263+00:00,0.269,0.381,2.992,3.666,0.01,0.006,1.411111111111111,28.39,idle,idle
2025-12-28T04:44:40.248672+00:00,0.269,0.381,2.992,3.666,0.01,0.006,1.411111111111111,28.39,idle,idle
2025-12-28T04:44:41.206575+00:00,0.269,0.381,2.992,3.666,0.01,0.006,1.411111111111111,28.49,idle,idle
2025-12-28T04:44:42.132205+00:00,0.269,0.354,2.96,3.279,0.009,0.006,1.311111111111111,28.49,idle,idle
2025-12-28T04:44:43.089577+00:00,0.25,0.354,2.96,3.279,0.009,0.006,1.4103585657370517,28.49,idle,idle
2025-12-28T04:44:44.031694+00:00,0.25,0.354,2.96,3.279,0.009,0.006,1.4103585657370517,28.49,idle,idle
2025-12-28T04:44:45.005054+00:00,0.25,0.41,3.023,3.405,0.01,0.006,1.6334661354581672,28.49,idle,idle
2025-12-28T04:44:45.930780+00:00,0.29,0.41,3.023,3.405,0.01,0.006,1.4089347079037802,28.44,idle,idle
2025-12-28T04:44:46.888334+00:00,0.29,0.41,3.023,3.405,0.01,0.006,1.4089347079037802,28.44,idle,idle
2025-12-28T04:44:47.830341+00:00,0.29,0.41,3.042,3.498,0.01,0.006,1.4089347079037802,28.44,idle,idle
2025-12-28T04:44:48.868065+00:00,0.427,0.603,3.042,3.498,0.011,0.006,1.408878504672897,28.49,idle,idle
2025-12-28T04:44:49.825747+00:00,0.427,0.603,3.042,3.498,0.011,0.006,1.408878504672897,28.49,idle,idle
2025-12-28T04:44:50.735832+00:00,0.427,0.603,2.94,3.752,0.011,0.006,1.408878504672897,28.44,idle,idle
2025-12-28T04:44:51.709318+00:00,0.347,0.491,2.94,3.752,0.011,0.006,1.410919540229885,28.44,idle,idle
2025-12-28T04:44:52.634562+00:00,0.347,0.491,2.94,3.752,0.011,0.006,1.410919540229885,28.44,idle,idle
2025-12-28T04:44:53.604428+00:00,0.347,0.491,3.02,4.069,0.011,0.006,1.410919540229885,28.52,idle,idle
2025-12-28T04:44:57.392342+00:00,0.345,0.488,3.02,4.295,0.011,0.006,1.4104046242774568,28.44,idle,idle
2025-12-28T04:44:58.348967+00:00,0.345,0.488,3.02,4.295,0.011,0.006,1.4104046242774568,28.44,idle,idle
2025-12-28T04:44:59.291182+00:00,0.345,0.488,3.02,4.295,0.011,0.006,1.4104046242774568,28.44,idle,idle
2025-12-28T04:45:03.089702+00:00,0.295,0.417,3.032,3.531,0.01,0.006,1.4087837837837838,28.49,idle,idle
2025-12-28T04:45:03.999554+00:00,0.295,0.417,3.032,3.531,0.01,0.006,1.4087837837837838,28.49,idle,idle
2025-12-28T04:45:04.957194+00:00,0.295,0.417,3.032,3.531,0.01,0.006,1.4087837837837838,28.49,idle,idle
2025-12-28T04:45:05.930775+00:00,0.293,0.415,2.925,3.617,0.011,0.006,1.41156462585034,28.49,idle,idle
2025-12-28T04:45:06.888846+00:00,0.293,0.415,2.925,3.617,0.011,0.006,1.41156462585034,28.49,idle,idle
2025-12-28T04:45:08.963773+00:00,0.292,0.413,2.883,3.302,0.011,0.006,1.4095563139931742,28.49,idle,idle
2025-12-28T04:45:09.889500+00:00,0.292,0.413,2.883,3.302,0.011,0.006,1.4095563139931742,28.49,idle,idle
2025-12-28T04:45:10.814871+00:00,0.292,0.413,2.883,3.302,0.011,0.006,1.4095563139931742,28.49,idle,idle
2025-12-28T04:45:11.788979+00:00,0.31,0.438,3.019,3.744,0.011,0.006,1.4083601286173633,28.49,idle,idle
2025-12-28T04:45:12.762514+00:00,0.31,0.438,3.019,3.744,0.011,0.006,1.4083601286173633,28.49,idle,idle
2025-12-28T04:45:13.736553+00:00,0.31,0.438,3.019,3.744,0.011,0.006,1.4083601286173633,28.49,idle,idle
2025-12-28T04:45:14.709836+00:00,0.318,0.45,2.881,3.302,0.011,0.006,1.4106583072100314,28.47,idle,idle
2025-12-28T04:45:15.683739+00:00,0.318,0.45,2.881,3.302,0.011,0.006,1.4106583072100314,28.47,idle,idle
2025-12-28T04:45:16.609378+00:00,0.318,0.45,2.881,3.302,0.011,0.006,1.4106583072100314,28.47,idle,idle
2025-12-28T04:45:17.582619+00:00,0.307,0.435,2.951,4.221,0.011,0.006,1.4123376623376624,28.49,idle,idle
2025-12-28T04:45:18.540551+00:00,0.307,0.435,2.951,4.221,0.011,0.006,1.4123376623376624,28.49,idle,idle
2025-12-28T04:45:19.498507+00:00,0.307,0.435,2.951,4.221,0.011,0.006,1.4123376623376624,28.52,idle,idle
2025-12-28T04:45:20.455872+00:00,0.299,0.423,2.85,3.498,0.011,0.006,1.41,28.52,idle,idle
2025-12-28T04:45:21.429805+00:00,0.299,0.423,2.85,3.498,0.011,0.006,1.41,28.52,idle,idle
2025-12-28T04:45:22.355449+00:00,0.299,0.423,2.85,3.498,0.011,0.006,1.41,28.49,idle,idle
2025-12-28T04:45:23.313357+00:00,0.326,0.461,3.178,4.555,0.011,0.006,1.4097859327217126,28.49,idle,idle
2025-12-28T04:45:24.270888+00:00,0.326,0.461,3.178,4.555,0.011,0.006,1.4097859327217126,28.47,idle,idle
2025-12-28T04:45:25.244184+00:00,0.326,0.461,3.178,4.555,0.011,0.006,1.4097859327217126,28.47,idle,idle
2025-12-28T04:45:26.218416+00:00,0.375,0.531,2.932,3.982,0.011,0.006,1.4122340425531916,28.47,idle,idle
2025-12-28T04:45:27.176250+00:00,0.375,0.531,2.932,3.982,0.011,0.006,1.4122340425531916,28.52,idle,idle
2025-12-28T04:45:28.133729+00:00,0.375,0.531,2.932,3.982,0.011,0.006,1.4122340425531916,28.52,idle,idle
2025-12-28T04:45:29.090865+00:00,0.32,0.453,3.09,4.112,0.011,0.006,1.411214953271028,28.49,idle,idle
2025-12-28T04:45:30.065020+00:00,0.32,0.453,3.09,4.112,0.011,0.006,1.411214953271028,28.49,idle,idle
2025-12-28T04:45:31.038285+00:00,0.32,0.453,3.09,4.112,0.011,0.006,1.411214953271028,28.49,idle,idle
2025-12-28T04:45:32.011902+00:00,0.371,0.525,3.284,4.571,0.011,0.006,1.4112903225806452,28.55,idle,idle
2025-12-28T04:45:32.985984+00:00,0.371,0.525,3.284,4.571,0.011,0.006,1.4112903225806452,28.55,idle,idle
2025-12-28T04:45:33.943229+00:00,0.371,0.525,3.284,4.571,0.011,0.006,1.4112903225806452,28.52,idle,idle
2025-12-28T04:45:34.901106+00:00,0.32,0.452,2.996,3.663,0.011,0.006,1.4080996884735202,28.52,idle,idle
2025-12-28T04:45:35.859073+00:00,0.32,0.452,2.996,3.663,0.011,0.006,1.4080996884735202,28.52,idle,idle
2025-12-28T04:45:36.800922+00:00,0.32,0.452,2.996,3.663,0.011,0.006,1.4080996884735202,28.49,idle,idle
2025-12-28T04:45:37.758708+00:00,0.308,0.436,2.959,3.9,0.011,0.006,1.4110032362459548,28.49,idle,idle
2025-12-28T04:45:38.715956+00:00,0.308,0.436,2.959,3.9,0.011,0.006,1.4110032362459548,28.52,idle,idle
2025-12-28T04:45:39.689545+00:00,0.308,0.436,2.959,3.9,0.011,0.006,1.4110032362459548,28.52,idle,idle
2025-12-28T04:45:40.647163+00:00,0.36,0.51,2.894,3.939,0.011,0.006,1.4127423822714682,28.52,idle,idle
2025-12-28T04:45:41.589001+00:00,0.36,0.51,2.894,3.939,0.011,0.006,1.4127423822714682,28.49,idle,idle
2025-12-28T04:45:42.530900+00:00,0.305,0.431,2.927,3.537,0.011,0.006,1.408496732026144,28.49,idle,idle
2025-12-28T04:45:44.590591+00:00,0.305,0.431,2.927,3.537,0.011,0.006,1.408496732026144,28.47,idle,idle
2025-12-28T04:45:45.547754+00:00,0.305,0.431,2.927,3.537,0.011,0.006,1.408496732026144,28.47,idle,idle
2025-12-28T04:45:46.521512+00:00,0.303,0.428,2.906,3.891,0.011,0.006,1.4078947368421053,28.47,idle,idle
2025-12-28T04:45:47.479155+00:00,0.303,0.428,2.906,3.891,0.011,0.006,1.4078947368421053,28.47,idle,idle
2025-12-28T04:45:48.436731+00:00,0.303,0.428,2.906,3.891,0.011,0.006,1.4078947368421053,28.49,idle,idle
2025-12-28T04:45:49.410397+00:00,0.362,0.513,2.959,3.529,0.011,0.006,1.413223140495868,28.49,idle,idle
2025-12-28T04:45:50.320342+00:00,0.362,0.513,2.959,3.529,0.011,0.006,1.413223140495868,28.49,idle,idle
2025-12-28T04:45:55.220086+00:00,0.319,0.452,2.97,3.999,0.011,0.006,1.4125,28.52,idle,idle
2025-12-28T04:45:56.161745+00:00,0.319,0.452,2.97,3.999,0.011,0.006,1.4125,28.49,idle,idle
2025-12-28T04:45:57.135813+00:00,0.319,0.452,2.97,3.999,0.011,0.006,1.4125,28.49,idle,idle
2025-12-28T04:45:58.109220+00:00,0.308,0.436,3.017,3.535,0.011,0.006,1.4110032362459548,28.52,idle,idle
2025-12-28T04:45:59.082693+00:00,0.308,0.436,3.017,3.535,0.011,0.006,1.4110032362459548,28.52,idle,idle
2025-12-28T04:46:00.040685+00:00,0.308,0.436,3.017,3.535,0.011,0.006,1.4110032362459548,28.52,idle,idle
2025-12-28T04:46:01.014347+00:00,0.309,0.437,2.884,3.999,0.011,0.006,1.4096774193548387,28.55,idle,idle
2025-12-28T04:46:01.955859+00:00,0.309,0.437,2.884,3.999,0.011,0.006,1.4096774193548387,28.55,idle,idle
2025-12-28T04:46:02.913906+00:00,0.309,0.437,2.884,3.999,0.011,0.006,1.4096774193548387,28.55,idle,idle
2025-12-28T04:46:03.887686+00:00,0.335,0.474,3.04,4.189,0.011,0.006,1.4107142857142856,28.55,idle,idle
2025-12-28T04:46:04.845103+00:00,0.335,0.474,3.04,4.189,0.011,0.006,1.4107142857142856,28.55,idle,idle
2025-12-28T04:46:05.946305+00:00,0.335,0.474,3.04,4.189,0.011,0.006,1.4107142857142856,28.49,idle,idle
2025-12-28T04:46:06.887918+00:00,0.304,0.43,2.909,3.621,0.01,0.006,1.4098360655737705,28.49,idle,idle
2025-12-28T04:46:07.845392+00:00,0.304,0.43,2.909,3.621,0.01,0.006,1.4098360655737705,28.52,idle,idle
2025-12-28T04:46:08.771269+00:00,0.304,0.43,2.909,3.621,0.01,0.006,1.4098360655737705,28.52,idle,idle
2025-12-28T04:46:09.728754+00:00,0.31,0.439,3.029,3.529,0.011,0.006,1.4115755627009647,28.57,idle,idle
2025-12-28T04:46:10.830163+00:00,0.31,0.439,3.029,3.529,0.011,0.006,1.4115755627009647,28.57,idle,idle
2025-12-28T04:46:11.803768+00:00,0.31,0.439,3.029,3.529,0.011,0.006,1.4115755627009647,28.57,idle,idle
2025-12-28T04:46:16.066462+00:00,0.315,0.446,2.933,3.349,0.011,0.006,1.4113924050632911,28.55,idle,idle
2025-12-28T04:46:17.023748+00:00,0.315,0.446,2.933,3.349,0.011,0.006,1.4113924050632911,28.52,idle,idle
2025-12-28T04:46:17.996480+00:00,0.315,0.446,3.06,3.69,0.011,0.006,1.4113924050632911,28.52,idle,idle
2025-12-28T04:46:18.970307+00:00,0.263,0.372,3.06,3.69,0.01,0.006,1.409090909090909,28.52,idle,idle
2025-12-28T04:46:19.927569+00:00,0.263,0.372,3.06,3.69,0.01,0.006,1.409090909090909,28.52,idle,idle
2025-12-28T04:46:20.885720+00:00,0.263,0.372,3.101,3.902,0.01,0.006,1.409090909090909,28.52,idle,idle
2025-12-28T04:46:21.843180+00:00,0.28,0.397,3.101,3.902,0.01,0.006,1.4128113879003559,28.55,idle,idle
2025-12-28T04:46:22.817249+00:00,0.28,0.397,3.101,3.902,0.01,0.006,1.4128113879003559,28.55,idle,idle
2025-12-28T04:46:23.774499+00:00,0.28,0.397,3.101,3.649,0.01,0.006,1.4128113879003559,28.55,idle,idle
2025-12-28T04:46:25.849269+00:00,0.28,0.397,2.994,3.649,0.01,0.006,1.4128113879003559,28.55,idle,idle
2025-12-28T04:46:26.806843+00:00,0.28,0.397,3.074,3.866,0.01,0.006,1.4128113879003559,28.52,idle,idle
2025-12-28T04:46:27.780658+00:00,0.272,0.385,3.074,3.866,0.01,0.006,1.4102564102564101,28.52,idle,idle
2025-12-28T04:46:28.738086+00:00,0.272,0.385,3.074,3.866,0.01,0.006,1.4102564102564101,28.52,idle,idle
2025-12-28T04:46:29.711761+00:00,0.272,0.385,3.012,3.944,0.01,0.006,1.4102564102564101,28.49,idle,idle
2025-12-28T04:46:30.652956+00:00,0.278,0.393,3.012,3.944,0.01,0.006,1.4086021505376343,28.49,idle,idle
2025-12-28T04:46:31.626643+00:00,0.278,0.393,3.012,3.944,0.01,0.006,1.4086021505376343,28.55,idle,idle
2025-12-28T04:46:32.584174+00:00,0.278,0.393,3.04,3.859,0.01,0.006,1.4086021505376343,28.55,idle,idle
2025-12-28T04:46:33.541770+00:00,0.301,0.426,3.04,3.859,0.01,0.006,1.4105960264900663,28.55,idle,idle
2025-12-28T04:46:34.467630+00:00,0.301,0.426,3.04,3.859,0.01,0.006,1.4105960264900663,28.57,idle,idle
2025-12-28T04:46:35.425096+00:00,0.301,0.426,3.04,3.668,0.01,0.006,1.4105960264900663,28.57,idle,idle
2025-12-28T04:46:36.399166+00:00,0.274,0.388,2.896,3.668,0.01,0.006,1.410909090909091,28.52,idle,idle
2025-12-28T04:46:37.341106+00:00,0.274,0.388,2.896,3.668,0.01,0.006,1.410909090909091,28.52,idle,idle
2025-12-28T04:46:38.313977+00:00,0.274,0.388,2.896,3.875,0.01,0.006,1.410909090909091,28.52,idle,idle
2025-12-28T04:46:39.287970+00:00,0.288,0.408,3.075,3.875,0.01,0.006,1.411764705882353,28.52,idle,idle
2025-12-28T04:46:40.261150+00:00,0.288,0.408,3.075,3.875,0.01,0.006,1.411764705882353,28.52,idle,idle
2025-12-28T04:46:41.235000+00:00,0.288,0.408,3.075,3.424,0.01,0.006,1.411764705882353,28.52,idle,idle
2025-12-28T04:46:42.192083+00:00,0.258,0.366,2.885,3.424,0.01,0.006,1.413127413127413,28.52,idle,idle
2025-12-28T04:46:43.165753+00:00,0.258,0.366,2.885,3.424,0.01,0.006,1.413127413127413,28.52,idle,idle
2025-12-28T04:46:44.139417+00:00,0.258,0.366,2.885,4.159,0.01,0.006,1.413127413127413,28.55,idle,idle
2025-12-28T04:46:45.096927+00:00,0.323,0.458,2.948,4.159,0.01,0.006,1.4135802469135803,28.55,idle,idle
2025-12-28T04:46:46.054994+00:00,0.323,0.458,2.948,4.159,0.01,0.006,1.4135802469135803,28.52,idle,idle
2025-12-28T04:46:47.012617+00:00,0.323,0.458,2.948,4.159,0.01,0.006,1.4135802469135803,28.52,idle,idle
2025-12-28T04:46:47.970077+00:00,0.288,0.407,2.951,3.531,0.01,0.006,1.4083044982698962,28.52,idle,idle
2025-12-28T04:46:48.943747+00:00,0.288,0.407,2.951,3.531,0.01,0.006,1.4083044982698962,28.52,idle,idle
2025-12-28T04:46:49.870521+00:00,0.288,0.407,2.951,3.531,0.01,0.006,1.4083044982698962,28.52,idle,idle
2025-12-28T04:46:50.843115+00:00,0.305,0.432,3.286,4.446,0.011,0.006,1.411764705882353,28.57,idle,idle
2025-12-28T04:46:51.784801+00:00,0.305,0.432,3.286,4.446,0.011,0.006,1.411764705882353,28.57,idle,idle
2025-12-28T04:46:52.758720+00:00,0.305,0.432,3.286,4.446,0.011,0.006,1.411764705882353,28.57,idle,idle
2025-12-28T04:46:53.731574+00:00,0.388,0.549,2.913,3.446,0.011,0.006,1.411311053984576,28.55,idle,idle
2025-12-28T04:46:54.705424+00:00,0.388,0.549,2.913,3.446,0.011,0.006,1.411311053984576,28.55,idle,idle
2025-12-28T04:46:55.647128+00:00,0.388,0.549,2.913,3.446,0.011,0.006,1.411311053984576,28.52,idle,idle
2025-12-28T04:46:56.620135+00:00,0.289,0.409,3.105,3.993,0.01,0.006,1.410344827586207,28.52,idle,idle
2025-12-28T04:46:57.531319+00:00,0.289,0.409,3.105,3.993,0.01,0.006,1.410344827586207,28.52,idle,idle
2025-12-28T04:46:58.455689+00:00,0.289,0.409,3.105,3.993,0.01,0.006,1.410344827586207,28.55,idle,idle
2025-12-28T04:46:59.429500+00:00,0.365,0.517,2.925,3.919,0.011,0.006,1.412568306010929,28.55,idle,idle
2025-12-28T04:47:00.386928+00:00,0.365,0.517,2.925,3.919,0.011,0.006,1.412568306010929,28.52,idle,idle
2025-12-28T04:47:01.360772+00:00,0.365,0.517,2.925,3.919,0.011,0.006,1.412568306010929,28.52,idle,idle
2025-12-28T04:47:02.334353+00:00,0.284,0.402,2.902,3.844,0.01,0.006,1.4105263157894739,28.52,idle,idle
2025-12-28T04:47:03.275652+00:00,0.284,0.402,2.902,3.844,0.01,0.006,1.4105263157894739,28.57,idle,idle
2025-12-28T04:47:04.217369+00:00,0.284,0.402,2.902,3.844,0.01,0.006,1.4105263157894739,28.57,idle,idle
2025-12-28T04:47:05.190850+00:00,0.301,0.426,3.026,3.729,0.011,0.006,1.4105960264900663,28.55,idle,idle
2025-12-28T04:47:06.164746+00:00,0.301,0.426,3.026,3.729,0.011,0.006,1.4105960264900663,28.55,idle,idle
2025-12-28T04:47:07.121921+00:00,0.301,0.426,3.026,3.729,0.011,0.006,1.4105960264900663,28.55,idle,idle
2025-12-28T04:47:08.096251+00:00,0.3,0.424,2.995,4.003,0.01,0.006,1.4086378737541527,28.55,idle,idle
2025-12-28T04:47:09.069416+00:00,0.3,0.424,2.995,4.003,0.01,0.006,1.4086378737541527,28.55,idle,idle
2025-12-28T04:47:10.027441+00:00,0.3,0.424,2.995,4.003,0.01,0.006,1.4086378737541527,28.55,idle,idle
2025-12-28T04:47:11.000577+00:00,0.286,0.405,3.165,3.854,0.01,0.006,1.4111498257839723,28.55,idle,idle
2025-12-28T04:47:11.974279+00:00,0.286,0.405,3.165,3.854,0.01,0.006,1.4111498257839723,28.55,idle,idle
2025-12-28T04:47:12.931858+00:00,0.286,0.405,3.165,3.854,0.01,0.006,1.4111498257839723,28.52,idle,idle
2025-12-28T04:47:13.905495+00:00,0.31,0.439,3.151,3.82,0.01,0.006,1.4115755627009647,28.52,idle,idle
2025-12-28T04:47:14.879098+00:00,0.31,0.439,3.151,3.82,0.01,0.006,1.4115755627009647,28.55,idle,idle
2025-12-28T04:47:15.820734+00:00,0.31,0.439,3.151,3.82,0.01,0.006,1.4115755627009647,28.55,idle,idle
2025-12-28T04:47:16.795413+00:00,0.291,0.412,2.982,3.659,0.01,0.006,1.4109589041095891,28.55,idle,idle
2025-12-28T04:47:17.767858+00:00,0.291,0.412,2.982,3.659,0.01,0.006,1.4109589041095891,28.57,idle,idle
2025-12-28T04:47:18.725544+00:00,0.291,0.412,2.982,3.659,0.01,0.006,1.4109589041095891,28.57,idle,idle
2025-12-28T04:47:19.682876+00:00,0.303,0.428,2.881,3.866,0.01,0.006,1.4078947368421053,28.57,idle,idle
2025-12-28T04:47:20.640855+00:00,0.303,0.428,2.881,3.866,0.01,0.006,1.4078947368421053,28.57,idle,idle
2025-12-28T04:47:21.582595+00:00,0.314,0.444,3.074,4.193,0.01,0.006,1.4095238095238096,28.57,idle,idle
2025-12-28T04:47:23.657389+00:00,0.314,0.444,3.074,4.193,0.01,0.006,1.4095238095238096,28.57,idle,idle
2025-12-28T04:47:24.583006+00:00,0.314,0.444,3.074,4.193,0.01,0.006,1.4095238095238096,28.57,idle,idle
2025-12-28T04:47:25.557027+00:00,0.448,0.634,3.098,3.95,0.014,0.006,1.4120267260579065,28.57,idle,idle
2025-12-28T04:47:26.482259+00:00,0.448,0.634,3.098,3.95,0.014,0.006,1.4120267260579065,28.57,idle,idle
2025-12-28T04:47:27.440143+00:00,0.448,0.634,3.098,3.95,0.014,0.006,1.4120267260579065,28.57,idle,idle
2025-12-28T04:47:28.413473+00:00,0.352,0.498,2.955,3.373,0.011,0.006,1.4107648725212465,28.57,idle,idle
2025-12-28T04:47:29.355318+00:00,0.352,0.498,2.955,3.373,0.011,0.006,1.4107648725212465,28.55,idle,idle
2025-12-28T04:47:30.265261+00:00,0.352,0.498,2.955,3.373,0.011,0.006,1.4107648725212465,28.55,idle,idle
2025-12-28T04:47:31.238928+00:00,0.312,0.442,3.082,3.882,0.011,0.006,1.4121405750798721,28.55,idle,idle
2025-12-28T04:47:32.180936+00:00,0.312,0.442,3.082,3.882,0.011,0.006,1.4121405750798721,28.57,idle,idle
2025-12-28T04:47:33.137911+00:00,0.312,0.442,3.082,3.882,0.011,0.006,1.4121405750798721,28.57,idle,idle
2025-12-28T04:47:34.112488+00:00,0.307,0.434,2.937,3.423,0.01,0.006,1.4090909090909092,28.63,idle,idle
2025-12-28T04:47:35.085304+00:00,0.307,0.434,2.937,3.423,0.01,0.006,1.4090909090909092,28.63,idle,idle
2025-12-28T04:47:36.058771+00:00,0.307,0.434,2.937,3.423,0.01,0.006,1.4090909090909092,28.63,idle,idle
2025-12-28T04:47:37.032473+00:00,0.333,0.471,3.094,4.402,0.01,0.006,1.4101796407185627,28.57,idle,idle
2025-12-28T04:47:38.005751+00:00,0.333,0.471,3.094,4.402,0.01,0.006,1.4101796407185627,28.57,idle,idle
2025-12-28T04:47:38.963425+00:00,0.333,0.471,3.094,4.402,0.01,0.006,1.4101796407185627,28.55,idle,idle
2025-12-28T04:47:40.049100+00:00,0.284,0.401,2.935,3.708,0.01,0.006,1.4070175438596493,28.55,idle,idle
2025-12-28T04:47:40.990406+00:00,0.284,0.401,2.935,3.708,0.01,0.006,1.4070175438596493,28.57,idle,idle
2025-12-28T04:47:45.986055+00:00,0.259,0.366,3.223,3.775,0.01,0.006,1.4076923076923076,28.57,idle,idle
2025-12-28T04:47:46.959709+00:00,0.259,0.366,3.223,3.775,0.01,0.006,1.4076923076923076,28.57,idle,idle
2025-12-28T04:47:47.917315+00:00,0.259,0.366,3.223,3.775,0.01,0.006,1.4076923076923076,28.57,idle,idle
2025-12-28T04:47:48.874819+00:00,0.307,0.434,3.054,4.827,0.011,0.006,1.4090909090909092,28.6,idle,idle
2025-12-28T04:47:49.832634+00:00,0.307,0.434,3.054,4.827,0.011,0.006,1.4090909090909092,28.6,idle,idle
2025-12-28T04:47:50.790034+00:00,0.307,0.434,3.054,4.827,0.011,0.006,1.4090909090909092,28.57,idle,idle
2025-12-28T04:47:57.541507+00:00,0.343,0.485,3.134,4.936,0.011,0.006,1.4098837209302324,28.55,idle,idle
2025-12-28T04:47:58.514634+00:00,0.343,0.485,3.134,4.936,0.011,0.006,1.4098837209302324,28.6,idle,idle
2025-12-28T04:47:59.488201+00:00,0.343,0.485,3.134,4.936,0.011,0.006,1.4098837209302324,28.6,idle,idle
2025-12-28T04:48:00.445678+00:00,0.309,0.438,3.037,4.403,0.011,0.006,1.4129032258064516,28.63,idle,idle
2025-12-28T04:48:01.419622+00:00,0.309,0.438,3.037,4.403,0.011,0.006,1.4129032258064516,28.63,idle,idle
2025-12-28T04:48:02.361347+00:00,0.309,0.438,3.037,4.403,0.011,0.006,1.4129032258064516,28.63,idle,idle
2025-12-28T04:48:03.334758+00:00,0.333,0.47,2.93,3.94,0.011,0.006,1.4071856287425148,28.55,idle,idle
2025-12-28T04:48:04.292591+00:00,0.333,0.47,2.93,3.94,0.011,0.006,1.4071856287425148,28.55,idle,idle
2025-12-28T04:48:05.249942+00:00,0.333,0.47,2.93,3.94,0.011,0.006,1.4071856287425148,28.6,idle,idle
2025-12-28T04:48:06.223285+00:00,0.324,0.458,3.143,3.725,0.011,0.006,1.4092307692307693,28.6,idle,idle
2025-12-28T04:48:07.180936+00:00,0.324,0.458,3.143,3.725,0.011,0.006,1.4092307692307693,28.6,idle,idle
2025-12-28T04:48:09.210943+00:00,0.382,0.541,3.018,4.427,0.011,0.006,1.412532637075718,28.55,idle,idle
2025-12-28T04:48:10.134182+00:00,0.382,0.541,3.018,4.427,0.011,0.006,1.412532637075718,28.55,idle,idle
2025-12-28T04:48:11.091315+00:00,0.382,0.541,3.018,4.427,0.011,0.006,1.412532637075718,28.55,idle,idle
2025-12-28T04:48:12.065294+00:00,0.388,0.549,3.029,4.276,0.012,0.006,1.411311053984576,28.55,idle,idle
2025-12-28T04:48:13.022761+00:00,0.388,0.549,3.029,4.276,0.012,0.006,1.411311053984576,28.6,idle,idle
2025-12-28T04:48:13.980456+00:00,0.388,0.549,3.029,4.276,0.012,0.006,1.411311053984576,28.6,idle,idle
2025-12-28T04:48:14.954633+00:00,0.299,0.423,3.027,3.827,0.01,0.006,1.41,28.6,idle,idle
2025-12-28T04:48:15.927992+00:00,0.299,0.423,3.027,3.827,0.01,0.006,1.41,28.6,idle,idle
2025-12-28T04:48:16.901320+00:00,0.299,0.423,3.027,3.827,0.01,0.006,1.41,28.6,idle,idle
2025-12-28T04:48:17.859139+00:00,0.379,0.536,3.158,3.916,0.011,0.006,1.4105263157894739,28.6,idle,idle
2025-12-28T04:48:18.832441+00:00,0.379,0.536,3.158,3.916,0.011,0.006,1.4105263157894739,28.6,idle,idle
2025-12-28T04:48:19.789919+00:00,0.379,0.536,3.158,3.916,0.011,0.006,1.4105263157894739,28.6,idle,idle
2025-12-28T04:48:20.747626+00:00,0.394,0.557,2.915,3.547,0.011,0.006,1.410126582278481,28.6,idle,idle
2025-12-28T04:48:21.673639+00:00,0.394,0.557,2.915,3.547,0.011,0.006,1.410126582278481,28.6,idle,idle
2025-12-28T04:48:22.647577+00:00,0.394,0.557,2.915,3.547,0.011,0.006,1.410126582278481,28.6,idle,idle
2025-12-28T04:48:23.604655+00:00,0.427,0.604,3.005,3.769,0.011,0.006,1.411214953271028,28.6,idle,idle
2025-12-28T04:48:24.546730+00:00,0.427,0.604,3.005,3.769,0.011,0.006,1.411214953271028,28.55,idle,idle
2025-12-28T04:48:25.519443+00:00,0.427,0.604,3.005,3.769,0.011,0.006,1.411214953271028,28.55,idle,idle
2025-12-28T04:48:26.477114+00:00,0.288,0.407,3.145,3.731,0.01,0.006,1.4083044982698962,28.55,idle,idle
2025-12-28T04:48:27.418937+00:00,0.288,0.407,3.145,3.731,0.01,0.006,1.4083044982698962,28.57,idle,idle
2025-12-28T04:48:28.425092+00:00,0.288,0.407,3.145,3.731,0.01,0.006,1.4083044982698962,28.57,idle,idle
2025-12-28T04:48:29.398253+00:00,0.318,0.45,3.086,3.859,0.011,0.006,1.4106583072100314,28.57,idle,idle
2025-12-28T04:48:30.355934+00:00,0.318,0.45,3.086,3.859,0.011,0.006,1.4106583072100314,28.57,idle,idle
2025-12-28T04:48:31.329617+00:00,0.318,0.45,3.086,3.859,0.011,0.006,1.4106583072100314,28.57,idle,idle
2025-12-28T04:48:32.302693+00:00,0.364,0.515,2.929,3.228,0.009,0.006,1.4109589041095891,28.6,idle,idle
2025-12-28T04:48:33.276728+00:00,0.364,0.515,2.929,3.228,0.009,0.006,1.4109589041095891,28.6,idle,idle
2025-12-28T04:48:34.203029+00:00,0.364,0.515,2.929,3.228,0.009,0.006,1.4109589041095891,28.6,idle,idle
2025-12-28T04:48:35.159967+00:00,0.262,0.37,2.922,3.68,0.009,0.006,1.4068441064638781,28.6,idle,idle
2025-12-28T04:48:36.117687+00:00,0.262,0.37,2.922,3.68,0.009,0.006,1.4068441064638781,28.6,idle,idle
2025-12-28T04:48:37.091605+00:00,0.262,0.37,2.922,3.68,0.009,0.006,1.4068441064638781,28.55,idle,idle
2025-12-28T04:48:38.049381+00:00,0.335,0.474,3.0,3.942,0.01,0.006,1.4107142857142856,28.55,idle,idle
2025-12-28T04:48:39.023157+00:00,0.335,0.474,3.0,3.942,0.01,0.006,1.4107142857142856,28.57,idle,idle
2025-12-28T04:48:39.980208+00:00,0.335,0.474,3.0,3.942,0.01,0.006,1.4107142857142856,28.57,idle,idle
2025-12-28T04:48:40.937708+00:00,0.299,0.423,2.997,3.876,0.009,0.006,1.41,28.57,idle,idle
2025-12-28T04:48:41.911849+00:00,0.299,0.423,2.997,3.876,0.009,0.006,1.41,28.63,idle,idle
2025-12-28T04:48:42.885189+00:00,0.299,0.423,2.997,3.876,0.009,0.006,1.41,28.63,idle,idle
2025-12-28T04:48:43.970267+00:00,0.264,0.373,2.871,3.468,0.009,0.006,1.4075471698113207,28.63,idle,idle
2025-12-28T04:48:44.943780+00:00,0.264,0.373,2.871,3.468,0.009,0.006,1.4075471698113207,28.63,idle,idle
2025-12-28T04:48:45.901431+00:00,0.264,0.373,2.871,3.468,0.009,0.006,1.4075471698113207,28.6,idle,idle
2025-12-28T04:48:46.875182+00:00,0.294,0.415,2.862,3.327,0.01,0.006,1.4067796610169492,28.6,idle,idle
2025-12-28T04:48:47.832698+00:00,0.294,0.415,2.862,3.327,0.01,0.006,1.4067796610169492,28.6,idle,idle
2025-12-28T04:48:48.774805+00:00,0.294,0.415,2.862,3.327,0.01,0.006,1.4067796610169492,28.63,idle,idle
2025-12-28T04:48:49.860068+00:00,0.264,0.373,3.045,3.694,0.01,0.006,1.4075471698113207,28.63,idle,idle
2025-12-28T04:48:50.817301+00:00,0.264,0.373,3.045,3.694,0.01,0.006,1.4075471698113207,28.57,idle,idle
2025-12-28T04:48:51.759027+00:00,0.264,0.333,2.91,3.441,0.009,0.006,1.2566037735849056,28.57,idle,idle
2025-12-28T04:48:53.818192+00:00,0.235,0.333,2.91,3.441,0.009,0.006,1.4110169491525426,28.57,idle,idle
2025-12-28T04:48:54.775540+00:00,0.235,0.333,2.91,3.441,0.009,0.006,1.4110169491525426,28.57,idle,idle
2025-12-28T04:48:55.749184+00:00,0.279,0.395,3.036,3.71,0.009,0.006,1.4107142857142856,28.6,idle,idle
2025-12-28T04:48:56.722983+00:00,0.279,0.395,3.036,3.71,0.009,0.006,1.4107142857142856,28.6,idle,idle
2025-12-28T04:48:57.680497+00:00,0.279,0.395,3.036,3.71,0.009,0.006,1.4107142857142856,28.6,idle,idle
2025-12-28T04:48:58.654431+00:00,0.259,0.367,2.992,4.355,0.009,0.006,1.4115384615384614,28.63,idle,idle
2025-12-28T04:48:59.595667+00:00,0.259,0.367,2.992,4.355,0.009,0.006,1.4115384615384614,28.63,idle,idle
2025-12-28T04:49:00.569981+00:00,0.259,0.367,2.992,4.355,0.009,0.006,1.4115384615384614,28.57,idle,idle
2025-12-28T04:49:01.542800+00:00,0.278,0.393,3.011,3.765,0.009,0.006,1.4086021505376343,28.57,idle,idle
2025-12-28T04:49:02.516783+00:00,0.278,0.393,3.011,3.765,0.009,0.006,1.4086021505376343,28.57,idle,idle
2025-12-28T04:49:03.490390+00:00,0.278,0.393,3.011,3.765,0.009,0.006,1.4086021505376343,28.57,idle,idle
2025-12-28T04:49:04.463842+00:00,0.253,0.359,2.966,3.42,0.009,0.006,1.4133858267716535,28.57,idle,idle
2025-12-28T04:49:05.389754+00:00,0.253,0.359,2.966,3.42,0.009,0.006,1.4133858267716535,28.6,idle,idle
2025-12-28T04:49:06.331511+00:00,0.29,0.411,3.111,3.748,0.009,0.006,1.4123711340206186,28.6,idle,idle
2025-12-28T04:49:08.406200+00:00,0.29,0.411,3.111,3.748,0.009,0.006,1.4123711340206186,28.63,idle,idle
2025-12-28T04:49:09.363925+00:00,0.29,0.411,3.111,3.748,0.009,0.006,1.4123711340206186,28.63,idle,idle
2025-12-28T04:49:10.321129+00:00,0.32,0.452,2.935,3.75,0.009,0.006,1.4080996884735202,28.6,idle,idle
2025-12-28T04:49:11.278737+00:00,0.32,0.452,2.935,3.75,0.009,0.006,1.4080996884735202,28.6,idle,idle
2025-12-28T04:49:12.252614+00:00,0.32,0.452,2.935,3.75,0.009,0.006,1.4080996884735202,28.63,idle,idle
2025-12-28T04:49:13.210313+00:00,0.277,0.391,2.979,3.788,0.009,0.006,1.4064748201438848,28.63,idle,idle
2025-12-28T04:49:14.168255+00:00,0.277,0.391,2.979,3.788,0.009,0.006,1.4064748201438848,28.63,idle,idle
2025-12-28T04:49:15.125843+00:00,0.277,0.391,2.979,3.788,0.009,0.006,1.4064748201438848,28.57,idle,idle
2025-12-28T04:49:16.099337+00:00,0.267,0.377,3.014,3.424,0.01,0.006,1.4067164179104477,28.57,idle,idle
2025-12-28T04:49:17.056951+00:00,0.267,0.377,3.014,3.424,0.01,0.006,1.4067164179104477,28.57,idle,idle
2025-12-28T04:49:17.982790+00:00,0.267,0.377,3.014,3.424,0.01,0.006,1.4067164179104477,28.6,idle,idle
2025-12-28T04:49:18.940146+00:00,0.328,0.463,3.064,3.458,0.01,0.006,1.4072948328267478,28.6,idle,idle
2025-12-28T04:49:19.897700+00:00,0.328,0.463,3.064,3.458,0.01,0.006,1.4072948328267478,28.6,idle,idle
2025-12-28T04:49:20.822859+00:00,0.328,0.389,3.018,3.797,0.009,0.006,1.182370820668693,28.6,idle,idle
2025-12-28T04:49:22.897590+00:00,0.275,0.389,3.018,3.797,0.009,0.006,1.4094202898550723,28.63,idle,idle
2025-12-28T04:49:23.855585+00:00,0.275,0.389,3.018,3.797,0.009,0.006,1.4094202898550723,28.63,idle,idle
2025-12-28T04:49:24.813090+00:00,0.322,0.455,3.046,3.838,0.01,0.006,1.4086687306501549,28.6,idle,idle
2025-12-28T04:49:25.770720+00:00,0.322,0.455,3.046,3.838,0.01,0.006,1.4086687306501549,28.6,idle,idle
2025-12-28T04:49:26.728127+00:00,0.322,0.455,3.046,3.838,0.01,0.006,1.4086687306501549,28.63,idle,idle
2025-12-28T04:49:27.701811+00:00,0.298,0.422,2.846,3.602,0.009,0.006,1.411371237458194,28.63,idle,idle
2025-12-28T04:49:28.659260+00:00,0.298,0.422,2.846,3.602,0.009,0.006,1.411371237458194,28.63,idle,idle
2025-12-28T04:49:29.633028+00:00,0.298,0.422,2.846,3.602,0.009,0.006,1.411371237458194,28.6,idle,idle
2025-12-28T04:49:30.606445+00:00,0.256,0.363,2.952,3.688,0.009,0.006,1.4124513618677041,28.6,idle,idle
2025-12-28T04:49:31.564074+00:00,0.256,0.363,2.952,3.688,0.009,0.006,1.4124513618677041,28.6,idle,idle
2025-12-28T04:49:32.521992+00:00,0.256,0.363,2.952,3.688,0.009,0.006,1.4124513618677041,28.6,idle,idle
2025-12-28T04:49:33.621038+00:00,0.286,0.405,2.985,4.207,0.009,0.006,1.4111498257839723,28.6,idle,idle
2025-12-28T04:49:34.594572+00:00,0.286,0.405,2.985,4.207,0.009,0.006,1.4111498257839723,28.63,idle,idle
2025-12-28T04:49:35.536088+00:00,0.286,0.405,2.985,4.207,0.009,0.006,1.4111498257839723,28.63,idle,idle
2025-12-28T04:49:36.509639+00:00,0.252,0.357,2.956,3.554,0.009,0.006,1.4110671936758892,28.6,idle,idle
2025-12-28T04:49:37.451307+00:00,0.252,0.357,2.956,3.554,0.009,0.006,1.4110671936758892,28.6,idle,idle
2025-12-28T04:49:38.377359+00:00,0.252,0.357,2.956,3.554,0.009,0.006,1.4110671936758892,28.6,idle,idle
2025-12-28T04:49:39.350935+00:00,0.244,0.345,2.967,3.386,0.009,0.006,1.4081632653061225,28.57,idle,idle
2025-12-28T04:49:40.324650+00:00,0.244,0.345,2.967,3.386,0.009,0.006,1.4081632653061225,28.57,idle,idle
2025-12-28T04:49:41.250353+00:00,0.244,0.345,2.967,3.386,0.009,0.006,1.4081632653061225,28.6,idle,idle
2025-12-28T04:49:42.209053+00:00,0.261,0.369,2.917,3.629,0.009,0.006,1.4083969465648853,28.6,idle,idle
2025-12-28T04:49:43.165540+00:00,0.261,0.369,2.917,3.629,0.009,0.006,1.4083969465648853,28.6,idle,idle
2025-12-28T04:49:44.107377+00:00,0.261,0.42,3.087,3.588,0.009,0.006,1.6030534351145036,28.6,idle,idle
2025-12-28T04:49:46.166113+00:00,0.297,0.42,3.087,3.588,0.009,0.006,1.4093959731543624,28.63,idle,idle
2025-12-28T04:49:47.123916+00:00,0.297,0.42,3.087,3.588,0.009,0.006,1.4093959731543624,28.63,idle,idle
2025-12-28T04:49:48.097694+00:00,0.276,0.391,2.877,3.649,0.01,0.006,1.411552346570397,28.63,idle,idle
2025-12-28T04:49:49.055204+00:00,0.276,0.391,2.877,3.649,0.01,0.006,1.411552346570397,28.63,idle,idle
2025-12-28T04:49:50.029022+00:00,0.276,0.391,2.877,3.649,0.01,0.006,1.411552346570397,28.63,idle,idle
2025-12-28T04:49:51.002394+00:00,0.247,0.35,3.032,3.66,0.009,0.006,1.411290322580645,28.63,idle,idle
2025-12-28T04:49:51.928114+00:00,0.247,0.35,3.032,3.66,0.009,0.006,1.411290322580645,28.63,idle,idle
2025-12-28T04:49:52.901968+00:00,0.247,0.35,3.032,3.66,0.009,0.006,1.411290322580645,28.63,idle,idle
2025-12-28T04:49:53.859436+00:00,0.282,0.399,3.062,4.004,0.01,0.006,1.4098939929328624,28.65,idle,idle
2025-12-28T04:49:54.816754+00:00,0.282,0.399,3.062,4.004,0.01,0.006,1.4098939929328624,28.65,idle,idle
2025-12-28T04:49:55.790400+00:00,0.282,0.399,3.062,4.004,0.01,0.006,1.4098939929328624,28.63,idle,idle
2025-12-28T04:49:56.764488+00:00,0.268,0.38,3.044,3.672,0.009,0.006,1.4126394052044609,28.63,idle,idle
2025-12-28T04:49:57.737401+00:00,0.268,0.38,3.044,3.672,0.009,0.006,1.4126394052044609,28.63,idle,idle
2025-12-28T04:49:58.719489+00:00,0.268,0.396,2.975,3.96,0.009,0.006,1.4721189591078068,28.65,idle,idle
2025-12-28T04:50:00.722225+00:00,0.28,0.396,2.975,3.96,0.009,0.006,1.4092526690391458,28.6,idle,idle
2025-12-28T04:50:01.679496+00:00,0.28,0.396,2.975,3.96,0.009,0.006,1.4092526690391458,28.6,idle,idle
2025-12-28T04:50:02.653373+00:00,0.287,0.406,2.989,4.121,0.009,0.006,1.4097222222222223,28.6,idle,idle
2025-12-28T04:50:03.579239+00:00,0.287,0.406,2.989,4.121,0.009,0.006,1.4097222222222223,28.65,idle,idle
2025-12-28T04:50:04.552720+00:00,0.287,0.406,2.989,4.121,0.009,0.006,1.4097222222222223,28.65,idle,idle
2025-12-28T04:50:05.510026+00:00,0.246,0.349,2.98,3.542,0.009,0.006,1.4129554655870444,28.63,idle,idle
2025-12-28T04:50:06.435520+00:00,0.246,0.349,2.98,3.542,0.009,0.006,1.4129554655870444,28.63,idle,idle
2025-12-28T04:50:07.393245+00:00,0.246,0.349,2.98,3.542,0.009,0.006,1.4129554655870444,28.63,idle,idle
2025-12-28T04:50:08.366850+00:00,0.241,0.34,3.062,3.651,0.009,0.006,1.4049586776859506,28.6,idle,idle
2025-12-28T04:50:09.324446+00:00,0.241,0.34,3.062,3.651,0.009,0.006,1.4049586776859506,28.6,idle,idle
2025-12-28T04:50:10.297673+00:00,0.241,0.34,3.062,3.651,0.009,0.006,1.4049586776859506,28.6,idle,idle
2025-12-28T04:50:11.255481+00:00,0.273,0.386,2.994,3.483,0.009,0.006,1.4087591240875912,28.6,idle,idle
2025-12-28T04:50:12.181028+00:00,0.273,0.386,2.994,3.483,0.009,0.006,1.4087591240875912,28.6,idle,idle
2025-12-28T04:50:13.106981+00:00,0.273,0.386,2.994,3.483,0.009,0.006,1.4087591240875912,28.65,idle,idle
2025-12-28T04:50:14.079977+00:00,0.258,0.365,2.949,3.92,0.009,0.006,1.4092664092664091,28.65,idle,idle
2025-12-28T04:50:15.053614+00:00,0.258,0.365,2.949,3.92,0.009,0.006,1.4092664092664091,28.6,idle,idle
2025-12-28T04:50:16.011292+00:00,0.258,0.365,2.949,3.92,0.009,0.006,1.4092664092664091,28.6,idle,idle
2025-12-28T04:50:16.984989+00:00,0.259,0.366,3.098,4.197,0.009,0.006,1.4076923076923076,28.6,idle,idle
2025-12-28T04:50:17.958516+00:00,0.259,0.366,3.098,4.197,0.009,0.006,1.4076923076923076,28.63,idle,idle
2025-12-28T04:50:18.900041+00:00,0.259,0.366,3.098,4.197,0.009,0.006,1.4076923076923076,28.63,idle,idle
2025-12-28T04:50:19.858096+00:00,0.229,0.324,3.095,3.967,0.008,0.006,1.4086956521739131,28.63,idle,idle
2025-12-28T04:50:20.830934+00:00,0.229,0.324,3.095,3.967,0.008,0.006,1.4086956521739131,28.63,idle,idle
2025-12-28T04:50:21.772941+00:00,0.229,0.324,3.095,3.967,0.008,0.006,1.4086956521739131,28.63,idle,idle
2025-12-28T04:50:22.746356+00:00,0.229,0.539,2.98,3.938,0.01,0.006,2.3434782608695652,28.63,idle,idle
2025-12-28T04:50:23.720268+00:00,0.381,0.539,2.98,3.938,0.01,0.006,1.4109947643979057,28.63,idle,idle
2025-12-28T04:50:24.677432+00:00,0.381,0.539,2.98,3.938,0.01,0.006,1.4109947643979057,28.63,idle,idle
2025-12-28T04:50:25.651034+00:00,0.381,0.413,2.873,4.079,0.009,0.006,1.081151832460733,28.63,idle,idle
2025-12-28T04:50:26.608636+00:00,0.292,0.413,2.873,4.079,0.009,0.006,1.4095563139931742,28.63,idle,idle
2025-12-28T04:50:27.582136+00:00,0.292,0.413,3.047,3.795,0.009,0.006,1.4095563139931742,28.6,idle,idle
2025-12-28T04:50:29.656690+00:00,0.249,0.352,3.047,3.795,0.009,0.006,1.408,28.65,idle,idle
2025-12-28T04:50:30.630838+00:00,0.249,0.352,3.047,3.795,0.009,0.006,1.408,28.65,idle,idle
2025-12-28T04:50:31.603907+00:00,0.339,0.48,3.017,3.57,0.009,0.006,1.4117647058823528,28.65,idle,idle
2025-12-28T04:50:32.561557+00:00,0.339,0.48,3.017,3.57,0.009,0.006,1.4117647058823528,28.63,idle,idle
2025-12-28T04:50:33.503347+00:00,0.339,0.48,3.017,3.57,0.009,0.006,1.4117647058823528,28.63,idle,
